feature,mean_abs_shap
LogP,0.9945568
HBA,0.6569167
TPSA,0.53267145
FractionCSP3,0.47807202
MolWt,0.45166653
morgan_bit_715,0.39415947
morgan_bit_1690,0.2893686
AromaticFraction,0.2873977
morgan_bit_1226,0.22588354
HBD,0.21894304
morgan_bit_1152,0.2138794
RotatableBonds,0.20767444
morgan_bit_1,0.1841442
morgan_bit_935,0.16914906
morgan_bit_456,0.16074479
morgan_bit_1602,0.14525749
morgan_bit_1737,0.14469248
morgan_bit_881,0.13827899
morgan_bit_650,0.13527715
morgan_bit_2031,0.12148082
morgan_bit_1292,0.11228202
morgan_bit_147,0.109704375
morgan_bit_1114,0.10887397
morgan_bit_1386,0.09114646
morgan_bit_1436,0.09057745
RingCount,0.084905125
morgan_bit_926,0.08010437
morgan_bit_1060,0.07872809
morgan_bit_695,0.07792332
morgan_bit_1607,0.07548862
morgan_bit_389,0.06445854
morgan_bit_9,0.058954775
morgan_bit_1745,0.058284726
morgan_bit_197,0.057365786
morgan_bit_80,0.057091247
morgan_bit_114,0.055562075
morgan_bit_896,0.054811593
morgan_bit_486,0.052549835
morgan_bit_1019,0.05235579
morgan_bit_1750,0.051927008
morgan_bit_1718,0.05123437
morgan_bit_350,0.051031232
morgan_bit_718,0.050390124
morgan_bit_294,0.050189104
morgan_bit_378,0.04980751
morgan_bit_753,0.04797858
morgan_bit_750,0.04688379
morgan_bit_1325,0.04582119
morgan_bit_1199,0.045579337
morgan_bit_838,0.045249805
morgan_bit_849,0.045227613
morgan_bit_489,0.044193536
morgan_bit_207,0.04376112
morgan_bit_1362,0.04294036
morgan_bit_1683,0.04216336
morgan_bit_1729,0.041917644
morgan_bit_745,0.041134108
morgan_bit_1163,0.039279856
morgan_bit_624,0.037722725
morgan_bit_1017,0.037341364
morgan_bit_140,0.03558455
morgan_bit_13,0.035402264
morgan_bit_1917,0.035226256
morgan_bit_1985,0.034591362
morgan_bit_97,0.03443463
morgan_bit_577,0.034044366
morgan_bit_1457,0.033548873
morgan_bit_283,0.033516027
morgan_bit_392,0.03335244
morgan_bit_1385,0.033304933
morgan_bit_1722,0.033278808
morgan_bit_1171,0.032864865
morgan_bit_502,0.032733478
morgan_bit_841,0.032710493
morgan_bit_675,0.032554712
morgan_bit_1697,0.032470237
morgan_bit_1575,0.032329228
morgan_bit_1480,0.032106034
morgan_bit_1696,0.031325683
morgan_bit_4,0.031219186
morgan_bit_1791,0.030578807
morgan_bit_1599,0.030554594
morgan_bit_875,0.030531557
morgan_bit_1154,0.030263834
morgan_bit_802,0.029585237
morgan_bit_1855,0.029007846
morgan_bit_1928,0.028934121
morgan_bit_119,0.028900893
morgan_bit_314,0.028044181
morgan_bit_504,0.027844302
morgan_bit_1309,0.027731733
morgan_bit_739,0.027390115
morgan_bit_1357,0.026692614
morgan_bit_191,0.02633248
morgan_bit_105,0.025980854
morgan_bit_307,0.025891587
morgan_bit_1612,0.025704447
morgan_bit_1991,0.02551496
morgan_bit_1176,0.025343489
morgan_bit_84,0.024733752
morgan_bit_1844,0.024688162
morgan_bit_192,0.024508527
morgan_bit_1693,0.024278292
morgan_bit_381,0.02394365
morgan_bit_1508,0.023658399
morgan_bit_1754,0.023616219
morgan_bit_231,0.023365973
morgan_bit_366,0.022866307
morgan_bit_1452,0.022765335
morgan_bit_2017,0.022450468
morgan_bit_1604,0.02225892
morgan_bit_607,0.0218919
morgan_bit_322,0.021869548
morgan_bit_622,0.021803468
morgan_bit_222,0.021524403
morgan_bit_807,0.02129454
morgan_bit_1589,0.021116436
morgan_bit_1816,0.0208474
morgan_bit_816,0.020771926
morgan_bit_249,0.020694979
morgan_bit_1838,0.02051768
morgan_bit_652,0.020503987
morgan_bit_1568,0.020488555
morgan_bit_1035,0.020072559
morgan_bit_1476,0.019977128
morgan_bit_1887,0.01985533
morgan_bit_1477,0.019676603
morgan_bit_694,0.019346748
morgan_bit_1573,0.019295353
morgan_bit_1088,0.018852355
morgan_bit_397,0.018681025
morgan_bit_1873,0.01855761
morgan_bit_1921,0.01833451
morgan_bit_656,0.018205257
morgan_bit_233,0.017934795
morgan_bit_947,0.017825205
morgan_bit_576,0.01762564
morgan_bit_1057,0.01746273
morgan_bit_1998,0.017329603
morgan_bit_725,0.017147075
morgan_bit_932,0.016946413
morgan_bit_408,0.016715681
morgan_bit_547,0.016652547
morgan_bit_1487,0.015713222
morgan_bit_227,0.015140929
morgan_bit_692,0.015123452
morgan_bit_1905,0.015100932
morgan_bit_1603,0.014831039
morgan_bit_1365,0.0148226395
morgan_bit_781,0.014802653
morgan_bit_479,0.014249178
morgan_bit_1629,0.014192426
morgan_bit_444,0.014079754
morgan_bit_352,0.013780519
morgan_bit_474,0.013668851
morgan_bit_1027,0.013653597
morgan_bit_519,0.013586402
morgan_bit_1738,0.013411406
morgan_bit_529,0.013201248
morgan_bit_14,0.0131623475
morgan_bit_787,0.013122339
morgan_bit_1909,0.013005157
morgan_bit_890,0.012984774
morgan_bit_1238,0.012893296
morgan_bit_679,0.012797515
morgan_bit_1980,0.012534238
morgan_bit_687,0.012513368
morgan_bit_1496,0.012299637
morgan_bit_606,0.01221365
morgan_bit_843,0.012186605
morgan_bit_760,0.0119394725
morgan_bit_1349,0.011840297
morgan_bit_1665,0.011716657
morgan_bit_252,0.011554225
morgan_bit_1034,0.011462892
morgan_bit_257,0.011343281
morgan_bit_674,0.011149214
morgan_bit_1160,0.011141878
morgan_bit_1099,0.011086441
morgan_bit_90,0.010981263
morgan_bit_1236,0.010944679
morgan_bit_432,0.010908863
morgan_bit_255,0.010763005
morgan_bit_1004,0.010603477
morgan_bit_1274,0.010380015
morgan_bit_835,0.010355777
morgan_bit_1224,0.010222371
morgan_bit_1475,0.0102170175
morgan_bit_1938,0.010172041
morgan_bit_984,0.009969945
morgan_bit_74,0.009857229
morgan_bit_1911,0.009681025
morgan_bit_878,0.009600892
morgan_bit_1459,0.009502087
morgan_bit_1097,0.009320642
morgan_bit_1819,0.009154891
morgan_bit_1028,0.009078942
morgan_bit_1126,0.009059474
morgan_bit_736,0.009022628
morgan_bit_610,0.0089510195
morgan_bit_1920,0.008869586
morgan_bit_1167,0.008852861
morgan_bit_1308,0.008770964
morgan_bit_1832,0.0086684795
morgan_bit_1195,0.008630195
morgan_bit_1516,0.008600856
morgan_bit_1828,0.008546855
morgan_bit_1764,0.008502314
morgan_bit_677,0.008459655
morgan_bit_1775,0.00843734
morgan_bit_1564,0.008372861
morgan_bit_1249,0.008233112
morgan_bit_1531,0.008098388
morgan_bit_1840,0.00805414
morgan_bit_691,0.007849158
morgan_bit_552,0.007730823
morgan_bit_1951,0.0074950275
morgan_bit_860,0.007492352
morgan_bit_794,0.007416453
morgan_bit_699,0.007373215
morgan_bit_1145,0.0073409886
morgan_bit_424,0.0072932285
morgan_bit_371,0.0072478894
morgan_bit_790,0.007009121
morgan_bit_441,0.0069288206
morgan_bit_561,0.006829755
morgan_bit_1946,0.0067946175
morgan_bit_305,0.0067046536
morgan_bit_437,0.006665258
morgan_bit_888,0.0063846256
morgan_bit_457,0.0061765187
morgan_bit_319,0.0061220047
morgan_bit_1463,0.0060088513
morgan_bit_1581,0.00600113
morgan_bit_242,0.005970367
morgan_bit_1866,0.005717909
morgan_bit_1470,0.005717821
morgan_bit_855,0.005700226
morgan_bit_1227,0.005678116
morgan_bit_1391,0.005584546
morgan_bit_1136,0.005563284
morgan_bit_1997,0.005507133
morgan_bit_310,0.0053739804
morgan_bit_1162,0.0049547474
morgan_bit_1586,0.0049290904
morgan_bit_1380,0.004897935
morgan_bit_1133,0.004846772
morgan_bit_1456,0.004815123
morgan_bit_1095,0.004788907
morgan_bit_798,0.0046418086
morgan_bit_528,0.004569453
morgan_bit_1963,0.0045439387
morgan_bit_262,0.004485149
morgan_bit_1243,0.004447632
morgan_bit_918,0.004326247
morgan_bit_1257,0.004272579
morgan_bit_1671,0.0042392137
morgan_bit_79,0.0041944003
morgan_bit_1488,0.0041611674
morgan_bit_1022,0.004122612
morgan_bit_482,0.004048314
morgan_bit_563,0.004037068
morgan_bit_1536,0.0039407774
morgan_bit_713,0.0038821686
morgan_bit_182,0.0038799595
morgan_bit_1168,0.003726565
morgan_bit_1234,0.0037232607
morgan_bit_1631,0.003723006
morgan_bit_1950,0.0037192549
morgan_bit_334,0.00367294
morgan_bit_473,0.003605843
morgan_bit_116,0.003533679
morgan_bit_1410,0.0034733638
morgan_bit_1194,0.0034663922
morgan_bit_1783,0.0034587595
morgan_bit_1255,0.0034061228
morgan_bit_1366,0.003363984
morgan_bit_1724,0.0033343036
morgan_bit_295,0.003318522
morgan_bit_885,0.0032767183
morgan_bit_454,0.0032090547
morgan_bit_1804,0.003206835
morgan_bit_1839,0.0032033876
morgan_bit_1009,0.0031947866
morgan_bit_1104,0.0031868324
morgan_bit_145,0.0031544215
morgan_bit_491,0.003045334
morgan_bit_857,0.0030235494
morgan_bit_1664,0.002990844
morgan_bit_1862,0.002971495
morgan_bit_1651,0.0029677285
morgan_bit_1489,0.0029398259
morgan_bit_1417,0.0028988193
morgan_bit_1250,0.002798096
morgan_bit_883,0.0027908264
morgan_bit_966,0.0027493655
morgan_bit_800,0.0027421846
morgan_bit_419,0.0027165448
morgan_bit_387,0.002708219
morgan_bit_301,0.00263311
morgan_bit_485,0.0026174563
morgan_bit_1733,0.0025890106
morgan_bit_142,0.0025869966
morgan_bit_1036,0.0025582924
morgan_bit_206,0.0025345166
morgan_bit_1440,0.0025106776
morgan_bit_1948,0.0024985482
morgan_bit_1792,0.0024857174
morgan_bit_893,0.002483524
morgan_bit_53,0.0024250792
morgan_bit_464,0.0023628522
morgan_bit_1701,0.0023400083
morgan_bit_365,0.00231949
morgan_bit_961,0.0022800148
morgan_bit_1120,0.0022643362
morgan_bit_1039,0.0022217054
morgan_bit_343,0.002207451
morgan_bit_1482,0.0020899978
morgan_bit_1070,0.0020724342
morgan_bit_205,0.0020670597
morgan_bit_987,0.0019706371
morgan_bit_591,0.0019448778
morgan_bit_345,0.0018899757
morgan_bit_769,0.0018804419
morgan_bit_431,0.0017552361
morgan_bit_1008,0.0017197126
morgan_bit_2021,0.0014382452
morgan_bit_960,0.0014167303
morgan_bit_862,0.0013686748
morgan_bit_1535,0.0013127878
morgan_bit_165,0.0012941062
morgan_bit_407,0.0012520433
morgan_bit_1101,0.0008647613
morgan_bit_1341,0.00082917843
morgan_bit_1087,0.0007430157
morgan_bit_1415,0.0
morgan_bit_1455,0.0
morgan_bit_1414,0.0
morgan_bit_1454,0.0
morgan_bit_1453,0.0
morgan_bit_68,0.0
morgan_bit_69,0.0
morgan_bit_1433,0.0
morgan_bit_1413,0.0
morgan_bit_1180,0.0
morgan_bit_1469,0.0
morgan_bit_1468,0.0
morgan_bit_1467,0.0
morgan_bit_1466,0.0
morgan_bit_1408,0.0
morgan_bit_1465,0.0
morgan_bit_1464,0.0
morgan_bit_1409,0.0
morgan_bit_1458,0.0
morgan_bit_1462,0.0
morgan_bit_1461,0.0
morgan_bit_1460,0.0
morgan_bit_1411,0.0
morgan_bit_1416,0.0
morgan_bit_1412,0.0
morgan_bit_67,0.0
morgan_bit_1451,0.0
morgan_bit_1419,0.0
morgan_bit_1450,0.0
morgan_bit_1439,0.0
morgan_bit_1427,0.0
morgan_bit_1177,0.0
morgan_bit_1443,0.0
morgan_bit_1442,0.0
morgan_bit_1441,0.0
morgan_bit_1428,0.0
morgan_bit_1438,0.0
morgan_bit_1426,0.0
morgan_bit_1437,0.0
morgan_bit_70,0.0
morgan_bit_1429,0.0
morgan_bit_1435,0.0
morgan_bit_1430,0.0
morgan_bit_1431,0.0
morgan_bit_1444,0.0
morgan_bit_1425,0.0
morgan_bit_1449,0.0
morgan_bit_1175,0.0
morgan_bit_1179,0.0
morgan_bit_1418,0.0
morgan_bit_1432,0.0
morgan_bit_1420,0.0
morgan_bit_1448,0.0
morgan_bit_1178,0.0
morgan_bit_1421,0.0
morgan_bit_89,0.0
morgan_bit_1422,0.0
morgan_bit_1423,0.0
morgan_bit_1447,0.0
morgan_bit_1424,0.0
morgan_bit_1446,0.0
morgan_bit_1445,0.0
morgan_bit_1434,0.0
morgan_bit_1493,0.0
morgan_bit_1471,0.0
morgan_bit_1553,0.0
morgan_bit_1551,0.0
morgan_bit_1550,0.0
morgan_bit_1549,0.0
morgan_bit_91,0.0
morgan_bit_1548,0.0
morgan_bit_1547,0.0
morgan_bit_1546,0.0
morgan_bit_1545,0.0
morgan_bit_1544,0.0
morgan_bit_1543,0.0
morgan_bit_1542,0.0
morgan_bit_1541,0.0
morgan_bit_1540,0.0
morgan_bit_1539,0.0
morgan_bit_1538,0.0
morgan_bit_1537,0.0
morgan_bit_1534,0.0
morgan_bit_1533,0.0
morgan_bit_1532,0.0
morgan_bit_1172,0.0
morgan_bit_1530,0.0
morgan_bit_1529,0.0
morgan_bit_1528,0.0
morgan_bit_1552,0.0
morgan_bit_1554,0.0
morgan_bit_1472,0.0
morgan_bit_1555,0.0
morgan_bit_1577,0.0
morgan_bit_1576,0.0
morgan_bit_57,0.0
morgan_bit_1574,0.0
morgan_bit_58,0.0
morgan_bit_1572,0.0
morgan_bit_1571,0.0
morgan_bit_1570,0.0
morgan_bit_1569,0.0
morgan_bit_59,0.0
morgan_bit_1567,0.0
morgan_bit_1566,0.0
morgan_bit_1565,0.0
morgan_bit_1169,0.0
morgan_bit_1563,0.0
morgan_bit_1562,0.0
morgan_bit_1561,0.0
morgan_bit_1560,0.0
morgan_bit_1170,0.0
morgan_bit_1559,0.0
morgan_bit_1558,0.0
morgan_bit_1557,0.0
morgan_bit_1556,0.0
morgan_bit_1527,0.0
morgan_bit_1526,0.0
morgan_bit_1525,0.0
morgan_bit_1524,0.0
morgan_bit_1497,0.0
morgan_bit_61,0.0
morgan_bit_1495,0.0
morgan_bit_1494,0.0
morgan_bit_1406,0.0
morgan_bit_1492,0.0
morgan_bit_1174,0.0
morgan_bit_1491,0.0
morgan_bit_1490,0.0
morgan_bit_62,0.0
morgan_bit_1486,0.0
morgan_bit_1485,0.0
morgan_bit_1484,0.0
morgan_bit_1483,0.0
morgan_bit_1481,0.0
morgan_bit_63,0.0
morgan_bit_1479,0.0
morgan_bit_1478,0.0
morgan_bit_64,0.0
morgan_bit_65,0.0
morgan_bit_66,0.0
morgan_bit_1474,0.0
morgan_bit_1473,0.0
morgan_bit_1498,0.0
morgan_bit_1499,0.0
morgan_bit_1500,0.0
morgan_bit_1512,0.0
morgan_bit_1523,0.0
morgan_bit_1522,0.0
morgan_bit_1521,0.0
morgan_bit_1520,0.0
morgan_bit_1519,0.0
morgan_bit_1518,0.0
morgan_bit_1517,0.0
morgan_bit_1515,0.0
morgan_bit_1514,0.0
morgan_bit_1513,0.0
morgan_bit_1511,0.0
morgan_bit_1501,0.0
morgan_bit_1510,0.0
morgan_bit_1509,0.0
morgan_bit_60,0.0
morgan_bit_1507,0.0
morgan_bit_1506,0.0
morgan_bit_1173,0.0
morgan_bit_1505,0.0
morgan_bit_1504,0.0
morgan_bit_1503,0.0
morgan_bit_1502,0.0
morgan_bit_1407,0.0
morgan_bit_1383,0.0
morgan_bit_1405,0.0
morgan_bit_1251,0.0
morgan_bit_82,0.0
morgan_bit_1273,0.0
morgan_bit_1272,0.0
morgan_bit_1271,0.0
morgan_bit_1270,0.0
morgan_bit_1269,0.0
morgan_bit_1268,0.0
morgan_bit_1267,0.0
morgan_bit_1266,0.0
morgan_bit_1265,0.0
morgan_bit_1264,0.0
morgan_bit_1263,0.0
morgan_bit_1262,0.0
morgan_bit_1261,0.0
morgan_bit_1260,0.0
morgan_bit_1190,0.0
morgan_bit_1259,0.0
morgan_bit_1258,0.0
morgan_bit_1191,0.0
morgan_bit_1256,0.0
morgan_bit_1254,0.0
morgan_bit_1192,0.0
morgan_bit_1253,0.0
morgan_bit_1275,0.0
morgan_bit_1276,0.0
morgan_bit_1277,0.0
morgan_bit_1289,0.0
morgan_bit_1299,0.0
morgan_bit_1298,0.0
morgan_bit_1297,0.0
morgan_bit_1296,0.0
morgan_bit_1295,0.0
morgan_bit_1294,0.0
morgan_bit_1293,0.0
morgan_bit_81,0.0
morgan_bit_1291,0.0
morgan_bit_1290,0.0
morgan_bit_1288,0.0
morgan_bit_1278,0.0
morgan_bit_1287,0.0
morgan_bit_1286,0.0
morgan_bit_1285,0.0
morgan_bit_1284,0.0
morgan_bit_1189,0.0
morgan_bit_1283,0.0
morgan_bit_1282,0.0
morgan_bit_1281,0.0
morgan_bit_1280,0.0
morgan_bit_1279,0.0
morgan_bit_1252,0.0
morgan_bit_1193,0.0
morgan_bit_1301,0.0
morgan_bit_1248,0.0
morgan_bit_1218,0.0
morgan_bit_1217,0.0
morgan_bit_1216,0.0
morgan_bit_1215,0.0
morgan_bit_1214,0.0
morgan_bit_1213,0.0
morgan_bit_1212,0.0
morgan_bit_1211,0.0
morgan_bit_1210,0.0
morgan_bit_1209,0.0
morgan_bit_1208,0.0
morgan_bit_1207,0.0
morgan_bit_1206,0.0
morgan_bit_1205,0.0
morgan_bit_1204,0.0
morgan_bit_1203,0.0
morgan_bit_1202,0.0
morgan_bit_1201,0.0
morgan_bit_1200,0.0
morgan_bit_88,0.0
morgan_bit_1198,0.0
morgan_bit_1197,0.0
morgan_bit_1196,0.0
morgan_bit_1219,0.0
morgan_bit_1220,0.0
morgan_bit_1221,0.0
morgan_bit_85,0.0
morgan_bit_1247,0.0
morgan_bit_1246,0.0
morgan_bit_1245,0.0
morgan_bit_1244,0.0
morgan_bit_1242,0.0
morgan_bit_1241,0.0
morgan_bit_1240,0.0
morgan_bit_1239,0.0
morgan_bit_83,0.0
morgan_bit_1237,0.0
morgan_bit_1235,0.0
morgan_bit_1222,0.0
morgan_bit_1233,0.0
morgan_bit_1232,0.0
morgan_bit_1231,0.0
morgan_bit_1230,0.0
morgan_bit_1229,0.0
morgan_bit_1228,0.0
morgan_bit_86,0.0
morgan_bit_1225,0.0
morgan_bit_87,0.0
morgan_bit_1223,0.0
morgan_bit_1300,0.0
morgan_bit_1302,0.0
morgan_bit_1404,0.0
morgan_bit_1184,0.0
morgan_bit_1374,0.0
morgan_bit_1373,0.0
morgan_bit_1372,0.0
morgan_bit_1371,0.0
morgan_bit_1370,0.0
morgan_bit_1369,0.0
morgan_bit_1579,0.0
morgan_bit_1368,0.0
morgan_bit_1367,0.0
morgan_bit_73,0.0
morgan_bit_1364,0.0
morgan_bit_1363,0.0
morgan_bit_75,0.0
morgan_bit_1181,0.0
morgan_bit_1361,0.0
morgan_bit_1360,0.0
morgan_bit_1359,0.0
morgan_bit_1182,0.0
morgan_bit_1358,0.0
morgan_bit_76,0.0
morgan_bit_1183,0.0
morgan_bit_1356,0.0
morgan_bit_1355,0.0
morgan_bit_1375,0.0
morgan_bit_1376,0.0
morgan_bit_1377,0.0
morgan_bit_1393,0.0
morgan_bit_1403,0.0
morgan_bit_1402,0.0
morgan_bit_1401,0.0
morgan_bit_1400,0.0
morgan_bit_1399,0.0
morgan_bit_1398,0.0
morgan_bit_1397,0.0
morgan_bit_1396,0.0
morgan_bit_1395,0.0
morgan_bit_1394,0.0
morgan_bit_1392,0.0
morgan_bit_1378,0.0
morgan_bit_1390,0.0
morgan_bit_1389,0.0
morgan_bit_1388,0.0
morgan_bit_1387,0.0
morgan_bit_71,0.0
morgan_bit_72,0.0
morgan_bit_1384,0.0
morgan_bit_1382,0.0
morgan_bit_1381,0.0
morgan_bit_1379,0.0
morgan_bit_1354,0.0
morgan_bit_1353,0.0
morgan_bit_1303,0.0
morgan_bit_1185,0.0
morgan_bit_1326,0.0
morgan_bit_78,0.0
morgan_bit_1324,0.0
morgan_bit_1323,0.0
morgan_bit_1322,0.0
morgan_bit_1321,0.0
morgan_bit_1320,0.0
morgan_bit_1319,0.0
morgan_bit_1318,0.0
morgan_bit_1317,0.0
morgan_bit_1316,0.0
morgan_bit_1315,0.0
morgan_bit_1314,0.0
morgan_bit_1313,0.0
morgan_bit_1312,0.0
morgan_bit_1311,0.0
morgan_bit_1310,0.0
morgan_bit_1187,0.0
morgan_bit_1307,0.0
morgan_bit_1306,0.0
morgan_bit_1305,0.0
morgan_bit_1304,0.0
morgan_bit_1188,0.0
morgan_bit_1327,0.0
morgan_bit_1328,0.0
morgan_bit_1329,0.0
morgan_bit_1343,0.0
morgan_bit_1352,0.0
morgan_bit_1351,0.0
morgan_bit_1350,0.0
morgan_bit_77,0.0
morgan_bit_1348,0.0
morgan_bit_1186,0.0
morgan_bit_1347,0.0
morgan_bit_1346,0.0
morgan_bit_1345,0.0
morgan_bit_1344,0.0
morgan_bit_1342,0.0
morgan_bit_1330,0.0
morgan_bit_1340,0.0
morgan_bit_1339,0.0
morgan_bit_1338,0.0
morgan_bit_1337,0.0
morgan_bit_1336,0.0
morgan_bit_1335,0.0
morgan_bit_1334,0.0
morgan_bit_1333,0.0
morgan_bit_1332,0.0
morgan_bit_1331,0.0
morgan_bit_1578,0.0
morgan_bit_196,0.0
morgan_bit_1580,0.0
morgan_bit_1582,0.0
morgan_bit_1907,0.0
morgan_bit_1906,0.0
morgan_bit_26,0.0
morgan_bit_1904,0.0
morgan_bit_1903,0.0
morgan_bit_1902,0.0
morgan_bit_1901,0.0
morgan_bit_1900,0.0
morgan_bit_1899,0.0
morgan_bit_1898,0.0
morgan_bit_1897,0.0
morgan_bit_1896,0.0
morgan_bit_1895,0.0
morgan_bit_1894,0.0
morgan_bit_1893,0.0
morgan_bit_1892,0.0
morgan_bit_1891,0.0
morgan_bit_1890,0.0
morgan_bit_1889,0.0
morgan_bit_1888,0.0
morgan_bit_27,0.0
morgan_bit_1886,0.0
morgan_bit_1885,0.0
morgan_bit_1884,0.0
morgan_bit_1883,0.0
morgan_bit_1908,0.0
morgan_bit_25,0.0
morgan_bit_1910,0.0
morgan_bit_1925,0.0
morgan_bit_1936,0.0
morgan_bit_1935,0.0
morgan_bit_1934,0.0
morgan_bit_1933,0.0
morgan_bit_1932,0.0
morgan_bit_1931,0.0
morgan_bit_1930,0.0
morgan_bit_1929,0.0
morgan_bit_21,0.0
morgan_bit_1927,0.0
morgan_bit_1926,0.0
morgan_bit_1924,0.0
morgan_bit_24,0.0
morgan_bit_1923,0.0
morgan_bit_1922,0.0
morgan_bit_22,0.0
morgan_bit_1919,0.0
morgan_bit_1918,0.0
morgan_bit_23,0.0
morgan_bit_1916,0.0
morgan_bit_1915,0.0
morgan_bit_1914,0.0
morgan_bit_1913,0.0
morgan_bit_1912,0.0
morgan_bit_1882,0.0
morgan_bit_1881,0.0
morgan_bit_1880,0.0
morgan_bit_1835,0.0
morgan_bit_1848,0.0
morgan_bit_1847,0.0
morgan_bit_1846,0.0
morgan_bit_1845,0.0
morgan_bit_30,0.0
morgan_bit_1843,0.0
morgan_bit_1842,0.0
morgan_bit_1841,0.0
morgan_bit_31,0.0
morgan_bit_1837,0.0
morgan_bit_1836,0.0
morgan_bit_1834,0.0
morgan_bit_1850,0.0
morgan_bit_1833,0.0
morgan_bit_1831,0.0
morgan_bit_1830,0.0
morgan_bit_1829,0.0
morgan_bit_1827,0.0
morgan_bit_1826,0.0
morgan_bit_1825,0.0
morgan_bit_1824,0.0
morgan_bit_1823,0.0
morgan_bit_1822,0.0
morgan_bit_1821,0.0
morgan_bit_1849,0.0
morgan_bit_1851,0.0
morgan_bit_1879,0.0
morgan_bit_1867,0.0
morgan_bit_1878,0.0
morgan_bit_1877,0.0
morgan_bit_1876,0.0
morgan_bit_1875,0.0
morgan_bit_1874,0.0
morgan_bit_28,0.0
morgan_bit_1872,0.0
morgan_bit_1871,0.0
morgan_bit_1870,0.0
morgan_bit_1869,0.0
morgan_bit_1868,0.0
morgan_bit_1865,0.0
morgan_bit_1852,0.0
morgan_bit_1864,0.0
morgan_bit_1863,0.0
morgan_bit_1861,0.0
morgan_bit_1860,0.0
morgan_bit_1859,0.0
morgan_bit_1858,0.0
morgan_bit_1857,0.0
morgan_bit_1856,0.0
morgan_bit_29,0.0
morgan_bit_1854,0.0
morgan_bit_1853,0.0
morgan_bit_1937,0.0
morgan_bit_20,0.0
morgan_bit_1939,0.0
morgan_bit_2015,0.0
morgan_bit_2027,0.0
morgan_bit_2026,0.0
morgan_bit_2025,0.0
morgan_bit_2024,0.0
morgan_bit_2023,0.0
morgan_bit_2022,0.0
morgan_bit_2020,0.0
morgan_bit_2019,0.0
morgan_bit_2018,0.0
morgan_bit_15,0.0
morgan_bit_2016,0.0
morgan_bit_2014,0.0
morgan_bit_2029,0.0
morgan_bit_2013,0.0
morgan_bit_2012,0.0
morgan_bit_2011,0.0
morgan_bit_2010,0.0
morgan_bit_2009,0.0
morgan_bit_2008,0.0
morgan_bit_2007,0.0
morgan_bit_2006,0.0
morgan_bit_2005,0.0
morgan_bit_2004,0.0
morgan_bit_2003,0.0
morgan_bit_2028,0.0
morgan_bit_2030,0.0
morgan_bit_2001,0.0
morgan_bit_2044,0.0
morgan_bit_2,0.0
morgan_bit_3,0.0
morgan_bit_5,0.0
morgan_bit_6,0.0
morgan_bit_7,0.0
morgan_bit_8,0.0
morgan_bit_10,0.0
morgan_bit_11,0.0
morgan_bit_2047,0.0
morgan_bit_2046,0.0
morgan_bit_2045,0.0
morgan_bit_2043,0.0
morgan_bit_12,0.0
morgan_bit_2042,0.0
morgan_bit_2041,0.0
morgan_bit_2040,0.0
morgan_bit_2039,0.0
morgan_bit_2038,0.0
morgan_bit_2037,0.0
morgan_bit_2036,0.0
morgan_bit_2035,0.0
morgan_bit_2034,0.0
morgan_bit_2033,0.0
morgan_bit_2032,0.0
morgan_bit_2002,0.0
morgan_bit_2000,0.0
morgan_bit_1940,0.0
morgan_bit_1957,0.0
morgan_bit_1969,0.0
morgan_bit_1968,0.0
morgan_bit_1967,0.0
morgan_bit_1966,0.0
morgan_bit_1965,0.0
morgan_bit_1964,0.0
morgan_bit_1962,0.0
morgan_bit_1961,0.0
morgan_bit_1960,0.0
morgan_bit_1959,0.0
morgan_bit_1958,0.0
morgan_bit_1956,0.0
morgan_bit_1971,0.0
morgan_bit_1955,0.0
morgan_bit_1954,0.0
morgan_bit_1953,0.0
morgan_bit_1952,0.0
morgan_bit_1949,0.0
morgan_bit_1947,0.0
morgan_bit_1945,0.0
morgan_bit_1944,0.0
morgan_bit_1943,0.0
morgan_bit_1942,0.0
morgan_bit_1941,0.0
morgan_bit_1970,0.0
morgan_bit_1972,0.0
morgan_bit_1999,0.0
morgan_bit_1986,0.0
morgan_bit_16,0.0
morgan_bit_1996,0.0
morgan_bit_1995,0.0
morgan_bit_1994,0.0
morgan_bit_1993,0.0
morgan_bit_1992,0.0
morgan_bit_17,0.0
morgan_bit_1990,0.0
morgan_bit_1989,0.0
morgan_bit_1988,0.0
morgan_bit_1987,0.0
morgan_bit_18,0.0
morgan_bit_1973,0.0
morgan_bit_1984,0.0
morgan_bit_1983,0.0
morgan_bit_1982,0.0
morgan_bit_1981,0.0
morgan_bit_19,0.0
morgan_bit_1979,0.0
morgan_bit_1978,0.0
morgan_bit_1977,0.0
morgan_bit_1976,0.0
morgan_bit_1975,0.0
morgan_bit_1974,0.0
morgan_bit_1820,0.0
morgan_bit_32,0.0
morgan_bit_1818,0.0
morgan_bit_1655,0.0
morgan_bit_1667,0.0
morgan_bit_1666,0.0
morgan_bit_48,0.0
morgan_bit_1663,0.0
morgan_bit_1662,0.0
morgan_bit_1661,0.0
morgan_bit_1660,0.0
morgan_bit_1659,0.0
morgan_bit_1658,0.0
morgan_bit_1657,0.0
morgan_bit_1656,0.0
morgan_bit_1654,0.0
morgan_bit_1669,0.0
morgan_bit_1653,0.0
morgan_bit_1652,0.0
morgan_bit_1650,0.0
morgan_bit_1649,0.0
morgan_bit_1648,0.0
morgan_bit_1647,0.0
morgan_bit_1646,0.0
morgan_bit_1645,0.0
morgan_bit_1644,0.0
morgan_bit_1643,0.0
morgan_bit_1642,0.0
morgan_bit_1668,0.0
morgan_bit_1670,0.0
morgan_bit_1640,0.0
morgan_bit_1685,0.0
morgan_bit_44,0.0
morgan_bit_1695,0.0
morgan_bit_1694,0.0
morgan_bit_45,0.0
morgan_bit_1692,0.0
morgan_bit_1691,0.0
morgan_bit_46,0.0
morgan_bit_1689,0.0
morgan_bit_1688,0.0
morgan_bit_1687,0.0
morgan_bit_1686,0.0
morgan_bit_1684,0.0
morgan_bit_1672,0.0
morgan_bit_47,0.0
morgan_bit_1682,0.0
morgan_bit_1681,0.0
morgan_bit_1680,0.0
morgan_bit_1679,0.0
morgan_bit_1678,0.0
morgan_bit_1677,0.0
morgan_bit_1676,0.0
morgan_bit_1675,0.0
morgan_bit_1674,0.0
morgan_bit_1673,0.0
morgan_bit_1641,0.0
morgan_bit_1639,0.0
morgan_bit_1698,0.0
morgan_bit_1596,0.0
morgan_bit_1608,0.0
morgan_bit_51,0.0
morgan_bit_1606,0.0
morgan_bit_1605,0.0
morgan_bit_52,0.0
morgan_bit_54,0.0
morgan_bit_1601,0.0
morgan_bit_1600,0.0
morgan_bit_55,0.0
morgan_bit_1598,0.0
morgan_bit_1597,0.0
morgan_bit_1595,0.0
morgan_bit_1166,0.0
morgan_bit_1594,0.0
morgan_bit_1593,0.0
morgan_bit_1592,0.0
morgan_bit_1591,0.0
morgan_bit_1590,0.0
morgan_bit_56,0.0
morgan_bit_1588,0.0
morgan_bit_1587,0.0
morgan_bit_1585,0.0
morgan_bit_1584,0.0
morgan_bit_1583,0.0
morgan_bit_1609,0.0
morgan_bit_1611,0.0
morgan_bit_1638,0.0
morgan_bit_1625,0.0
morgan_bit_1637,0.0
morgan_bit_1636,0.0
morgan_bit_1635,0.0
morgan_bit_1634,0.0
morgan_bit_1633,0.0
morgan_bit_1632,0.0
morgan_bit_1630,0.0
morgan_bit_49,0.0
morgan_bit_1628,0.0
morgan_bit_1627,0.0
morgan_bit_1626,0.0
morgan_bit_1624,0.0
morgan_bit_50,0.0
morgan_bit_1623,0.0
morgan_bit_1622,0.0
morgan_bit_1621,0.0
morgan_bit_1620,0.0
morgan_bit_1619,0.0
morgan_bit_1618,0.0
morgan_bit_1617,0.0
morgan_bit_1616,0.0
morgan_bit_1615,0.0
morgan_bit_1614,0.0
morgan_bit_1613,0.0
morgan_bit_43,0.0
morgan_bit_1699,0.0
morgan_bit_1817,0.0
morgan_bit_1773,0.0
morgan_bit_1786,0.0
morgan_bit_1785,0.0
morgan_bit_1784,0.0
morgan_bit_1782,0.0
morgan_bit_1781,0.0
morgan_bit_1780,0.0
morgan_bit_1779,0.0
morgan_bit_1778,0.0
morgan_bit_1777,0.0
morgan_bit_1776,0.0
morgan_bit_1774,0.0
morgan_bit_1772,0.0
morgan_bit_1788,0.0
morgan_bit_1771,0.0
morgan_bit_1770,0.0
morgan_bit_1769,0.0
morgan_bit_1768,0.0
morgan_bit_1767,0.0
morgan_bit_1766,0.0
morgan_bit_1765,0.0
morgan_bit_1763,0.0
morgan_bit_1762,0.0
morgan_bit_1761,0.0
morgan_bit_1760,0.0
morgan_bit_1787,0.0
morgan_bit_1789,0.0
morgan_bit_1758,0.0
morgan_bit_1805,0.0
morgan_bit_33,0.0
morgan_bit_1815,0.0
morgan_bit_1814,0.0
morgan_bit_1813,0.0
morgan_bit_1812,0.0
morgan_bit_1811,0.0
morgan_bit_1810,0.0
morgan_bit_1809,0.0
morgan_bit_1808,0.0
morgan_bit_1807,0.0
morgan_bit_1806,0.0
morgan_bit_1803,0.0
morgan_bit_1790,0.0
morgan_bit_1802,0.0
morgan_bit_1801,0.0
morgan_bit_1800,0.0
morgan_bit_1799,0.0
morgan_bit_1798,0.0
morgan_bit_1797,0.0
morgan_bit_1796,0.0
morgan_bit_1795,0.0
morgan_bit_1794,0.0
morgan_bit_1793,0.0
morgan_bit_34,0.0
morgan_bit_1759,0.0
morgan_bit_1757,0.0
morgan_bit_1700,0.0
morgan_bit_1714,0.0
morgan_bit_1726,0.0
morgan_bit_1725,0.0
morgan_bit_1723,0.0
morgan_bit_41,0.0
morgan_bit_1721,0.0
morgan_bit_1720,0.0
morgan_bit_1719,0.0
morgan_bit_42,0.0
morgan_bit_1717,0.0
morgan_bit_1716,0.0
morgan_bit_1715,0.0
morgan_bit_1713,0.0
morgan_bit_1728,0.0
morgan_bit_1712,0.0
morgan_bit_1711,0.0
morgan_bit_1710,0.0
morgan_bit_1709,0.0
morgan_bit_1708,0.0
morgan_bit_1707,0.0
morgan_bit_1706,0.0
morgan_bit_1705,0.0
morgan_bit_1704,0.0
morgan_bit_1703,0.0
morgan_bit_1702,0.0
morgan_bit_1727,0.0
morgan_bit_40,0.0
morgan_bit_1756,0.0
morgan_bit_1744,0.0
morgan_bit_1755,0.0
morgan_bit_35,0.0
morgan_bit_1753,0.0
morgan_bit_1752,0.0
morgan_bit_1751,0.0
morgan_bit_36,0.0
morgan_bit_1749,0.0
morgan_bit_1748,0.0
morgan_bit_1747,0.0
morgan_bit_1746,0.0
morgan_bit_37,0.0
morgan_bit_1743,0.0
morgan_bit_1730,0.0
morgan_bit_1742,0.0
morgan_bit_1741,0.0
morgan_bit_1740,0.0
morgan_bit_1739,0.0
morgan_bit_38,0.0
morgan_bit_39,0.0
morgan_bit_1736,0.0
morgan_bit_1735,0.0
morgan_bit_1734,0.0
morgan_bit_1732,0.0
morgan_bit_1731,0.0
morgan_bit_1610,0.0
morgan_bit_1127,0.0
morgan_bit_1165,0.0
morgan_bit_520,0.0
morgan_bit_532,0.0
morgan_bit_531,0.0
morgan_bit_530,0.0
morgan_bit_160,0.0
morgan_bit_527,0.0
morgan_bit_526,0.0
morgan_bit_525,0.0
morgan_bit_524,0.0
morgan_bit_523,0.0
morgan_bit_522,0.0
morgan_bit_521,0.0
morgan_bit_161,0.0
morgan_bit_534,0.0
morgan_bit_518,0.0
morgan_bit_517,0.0
morgan_bit_516,0.0
morgan_bit_515,0.0
morgan_bit_514,0.0
morgan_bit_513,0.0
morgan_bit_512,0.0
morgan_bit_511,0.0
morgan_bit_510,0.0
morgan_bit_509,0.0
morgan_bit_508,0.0
morgan_bit_533,0.0
morgan_bit_535,0.0
morgan_bit_506,0.0
morgan_bit_549,0.0
morgan_bit_562,0.0
morgan_bit_560,0.0
morgan_bit_559,0.0
morgan_bit_558,0.0
morgan_bit_557,0.0
morgan_bit_556,0.0
morgan_bit_555,0.0
morgan_bit_554,0.0
morgan_bit_553,0.0
morgan_bit_551,0.0
morgan_bit_550,0.0
morgan_bit_548,0.0
morgan_bit_536,0.0
morgan_bit_159,0.0
morgan_bit_546,0.0
morgan_bit_545,0.0
morgan_bit_544,0.0
morgan_bit_543,0.0
morgan_bit_542,0.0
morgan_bit_541,0.0
morgan_bit_540,0.0
morgan_bit_539,0.0
morgan_bit_538,0.0
morgan_bit_537,0.0
morgan_bit_507,0.0
morgan_bit_505,0.0
morgan_bit_442,0.0
morgan_bit_458,0.0
morgan_bit_470,0.0
morgan_bit_469,0.0
morgan_bit_468,0.0
morgan_bit_467,0.0
morgan_bit_466,0.0
morgan_bit_465,0.0
morgan_bit_463,0.0
morgan_bit_462,0.0
morgan_bit_461,0.0
morgan_bit_460,0.0
morgan_bit_459,0.0
morgan_bit_168,0.0
morgan_bit_472,0.0
morgan_bit_455,0.0
morgan_bit_453,0.0
morgan_bit_452,0.0
morgan_bit_451,0.0
morgan_bit_450,0.0
morgan_bit_449,0.0
morgan_bit_448,0.0
morgan_bit_447,0.0
morgan_bit_446,0.0
morgan_bit_445,0.0
morgan_bit_169,0.0
morgan_bit_471,0.0
morgan_bit_167,0.0
morgan_bit_162,0.0
morgan_bit_492,0.0
morgan_bit_503,0.0
morgan_bit_163,0.0
morgan_bit_501,0.0
morgan_bit_500,0.0
morgan_bit_499,0.0
morgan_bit_498,0.0
morgan_bit_497,0.0
morgan_bit_496,0.0
morgan_bit_495,0.0
morgan_bit_494,0.0
morgan_bit_493,0.0
morgan_bit_490,0.0
morgan_bit_475,0.0
morgan_bit_164,0.0
morgan_bit_488,0.0
morgan_bit_487,0.0
morgan_bit_484,0.0
morgan_bit_483,0.0
morgan_bit_481,0.0
morgan_bit_480,0.0
morgan_bit_166,0.0
morgan_bit_478,0.0
morgan_bit_477,0.0
morgan_bit_476,0.0
morgan_bit_564,0.0
morgan_bit_565,0.0
morgan_bit_566,0.0
morgan_bit_637,0.0
morgan_bit_648,0.0
morgan_bit_647,0.0
morgan_bit_646,0.0
morgan_bit_645,0.0
morgan_bit_644,0.0
morgan_bit_643,0.0
morgan_bit_642,0.0
morgan_bit_641,0.0
morgan_bit_640,0.0
morgan_bit_639,0.0
morgan_bit_638,0.0
morgan_bit_636,0.0
morgan_bit_152,0.0
morgan_bit_635,0.0
morgan_bit_634,0.0
morgan_bit_633,0.0
morgan_bit_632,0.0
morgan_bit_631,0.0
morgan_bit_630,0.0
morgan_bit_629,0.0
morgan_bit_628,0.0
morgan_bit_627,0.0
morgan_bit_626,0.0
morgan_bit_625,0.0
morgan_bit_649,0.0
morgan_bit_651,0.0
morgan_bit_567,0.0
morgan_bit_665,0.0
morgan_bit_676,0.0
morgan_bit_148,0.0
morgan_bit_149,0.0
morgan_bit_673,0.0
morgan_bit_672,0.0
morgan_bit_671,0.0
morgan_bit_670,0.0
morgan_bit_669,0.0
morgan_bit_668,0.0
morgan_bit_667,0.0
morgan_bit_666,0.0
morgan_bit_664,0.0
morgan_bit_151,0.0
morgan_bit_663,0.0
morgan_bit_662,0.0
morgan_bit_661,0.0
morgan_bit_660,0.0
morgan_bit_659,0.0
morgan_bit_658,0.0
morgan_bit_657,0.0
morgan_bit_150,0.0
morgan_bit_655,0.0
morgan_bit_654,0.0
morgan_bit_653,0.0
morgan_bit_153,0.0
morgan_bit_623,0.0
morgan_bit_154,0.0
morgan_bit_580,0.0
morgan_bit_592,0.0
morgan_bit_590,0.0
morgan_bit_589,0.0
morgan_bit_588,0.0
morgan_bit_587,0.0
morgan_bit_586,0.0
morgan_bit_585,0.0
morgan_bit_584,0.0
morgan_bit_583,0.0
morgan_bit_582,0.0
morgan_bit_581,0.0
morgan_bit_579,0.0
morgan_bit_621,0.0
morgan_bit_578,0.0
morgan_bit_157,0.0
morgan_bit_158,0.0
morgan_bit_575,0.0
morgan_bit_574,0.0
morgan_bit_573,0.0
morgan_bit_572,0.0
morgan_bit_571,0.0
morgan_bit_570,0.0
morgan_bit_569,0.0
morgan_bit_568,0.0
morgan_bit_593,0.0
morgan_bit_594,0.0
morgan_bit_595,0.0
morgan_bit_596,0.0
morgan_bit_620,0.0
morgan_bit_619,0.0
morgan_bit_618,0.0
morgan_bit_617,0.0
morgan_bit_616,0.0
morgan_bit_615,0.0
morgan_bit_614,0.0
morgan_bit_613,0.0
morgan_bit_612,0.0
morgan_bit_611,0.0
morgan_bit_609,0.0
morgan_bit_608,0.0
morgan_bit_155,0.0
morgan_bit_156,0.0
morgan_bit_605,0.0
morgan_bit_604,0.0
morgan_bit_603,0.0
morgan_bit_602,0.0
morgan_bit_601,0.0
morgan_bit_600,0.0
morgan_bit_599,0.0
morgan_bit_598,0.0
morgan_bit_597,0.0
morgan_bit_443,0.0
morgan_bit_440,0.0
morgan_bit_1164,0.0
morgan_bit_271,0.0
morgan_bit_282,0.0
morgan_bit_281,0.0
morgan_bit_280,0.0
morgan_bit_279,0.0
morgan_bit_278,0.0
morgan_bit_277,0.0
morgan_bit_276,0.0
morgan_bit_275,0.0
morgan_bit_274,0.0
morgan_bit_273,0.0
morgan_bit_272,0.0
morgan_bit_270,0.0
morgan_bit_284,0.0
morgan_bit_269,0.0
morgan_bit_268,0.0
morgan_bit_267,0.0
morgan_bit_266,0.0
morgan_bit_265,0.0
morgan_bit_264,0.0
morgan_bit_263,0.0
morgan_bit_261,0.0
morgan_bit_260,0.0
morgan_bit_259,0.0
morgan_bit_258,0.0
morgan_bit_184,0.0
morgan_bit_285,0.0
morgan_bit_256,0.0
morgan_bit_300,0.0
morgan_bit_315,0.0
morgan_bit_181,0.0
morgan_bit_313,0.0
morgan_bit_312,0.0
morgan_bit_311,0.0
morgan_bit_309,0.0
morgan_bit_308,0.0
morgan_bit_306,0.0
morgan_bit_304,0.0
morgan_bit_303,0.0
morgan_bit_302,0.0
morgan_bit_299,0.0
morgan_bit_286,0.0
morgan_bit_298,0.0
morgan_bit_297,0.0
morgan_bit_296,0.0
morgan_bit_183,0.0
morgan_bit_293,0.0
morgan_bit_292,0.0
morgan_bit_291,0.0
morgan_bit_290,0.0
morgan_bit_289,0.0
morgan_bit_288,0.0
morgan_bit_287,0.0
morgan_bit_185,0.0
morgan_bit_186,0.0
morgan_bit_439,0.0
morgan_bit_213,0.0
morgan_bit_224,0.0
morgan_bit_223,0.0
morgan_bit_194,0.0
morgan_bit_221,0.0
morgan_bit_220,0.0
morgan_bit_219,0.0
morgan_bit_218,0.0
morgan_bit_217,0.0
morgan_bit_216,0.0
morgan_bit_215,0.0
morgan_bit_214,0.0
morgan_bit_212,0.0
morgan_bit_226,0.0
morgan_bit_211,0.0
morgan_bit_210,0.0
morgan_bit_209,0.0
morgan_bit_208,0.0
morgan_bit_195,0.0
morgan_bit_204,0.0
morgan_bit_203,0.0
morgan_bit_202,0.0
morgan_bit_201,0.0
morgan_bit_200,0.0
morgan_bit_199,0.0
morgan_bit_225,0.0
morgan_bit_193,0.0
morgan_bit_254,0.0
morgan_bit_241,0.0
morgan_bit_253,0.0
morgan_bit_187,0.0
morgan_bit_251,0.0
morgan_bit_250,0.0
morgan_bit_188,0.0
morgan_bit_248,0.0
morgan_bit_247,0.0
morgan_bit_246,0.0
morgan_bit_245,0.0
morgan_bit_244,0.0
morgan_bit_243,0.0
morgan_bit_240,0.0
morgan_bit_228,0.0
morgan_bit_239,0.0
morgan_bit_238,0.0
morgan_bit_237,0.0
morgan_bit_236,0.0
morgan_bit_235,0.0
morgan_bit_234,0.0
morgan_bit_189,0.0
morgan_bit_232,0.0
morgan_bit_190,0.0
morgan_bit_230,0.0
morgan_bit_229,0.0
morgan_bit_316,0.0
morgan_bit_317,0.0
morgan_bit_318,0.0
morgan_bit_394,0.0
morgan_bit_405,0.0
morgan_bit_404,0.0
morgan_bit_403,0.0
morgan_bit_402,0.0
morgan_bit_401,0.0
morgan_bit_400,0.0
morgan_bit_399,0.0
morgan_bit_398,0.0
morgan_bit_172,0.0
morgan_bit_396,0.0
morgan_bit_395,0.0
morgan_bit_393,0.0
morgan_bit_171,0.0
morgan_bit_173,0.0
morgan_bit_391,0.0
morgan_bit_390,0.0
morgan_bit_174,0.0
morgan_bit_388,0.0
morgan_bit_386,0.0
morgan_bit_385,0.0
morgan_bit_384,0.0
morgan_bit_383,0.0
morgan_bit_382,0.0
morgan_bit_175,0.0
morgan_bit_406,0.0
morgan_bit_409,0.0
morgan_bit_320,0.0
morgan_bit_425,0.0
morgan_bit_438,0.0
morgan_bit_436,0.0
morgan_bit_435,0.0
morgan_bit_434,0.0
morgan_bit_433,0.0
morgan_bit_170,0.0
morgan_bit_430,0.0
morgan_bit_429,0.0
morgan_bit_428,0.0
morgan_bit_427,0.0
morgan_bit_426,0.0
morgan_bit_423,0.0
morgan_bit_410,0.0
morgan_bit_422,0.0
morgan_bit_421,0.0
morgan_bit_420,0.0
morgan_bit_418,0.0
morgan_bit_417,0.0
morgan_bit_416,0.0
morgan_bit_415,0.0
morgan_bit_414,0.0
morgan_bit_413,0.0
morgan_bit_412,0.0
morgan_bit_411,0.0
morgan_bit_380,0.0
morgan_bit_379,0.0
morgan_bit_176,0.0
morgan_bit_333,0.0
morgan_bit_347,0.0
morgan_bit_346,0.0
morgan_bit_344,0.0
morgan_bit_342,0.0
morgan_bit_341,0.0
morgan_bit_340,0.0
morgan_bit_339,0.0
morgan_bit_338,0.0
morgan_bit_337,0.0
morgan_bit_336,0.0
morgan_bit_335,0.0
morgan_bit_332,0.0
morgan_bit_377,0.0
morgan_bit_331,0.0
morgan_bit_330,0.0
morgan_bit_329,0.0
morgan_bit_328,0.0
morgan_bit_327,0.0
morgan_bit_326,0.0
morgan_bit_325,0.0
morgan_bit_324,0.0
morgan_bit_323,0.0
morgan_bit_180,0.0
morgan_bit_321,0.0
morgan_bit_348,0.0
morgan_bit_349,0.0
morgan_bit_179,0.0
morgan_bit_351,0.0
morgan_bit_376,0.0
morgan_bit_375,0.0
morgan_bit_374,0.0
morgan_bit_373,0.0
morgan_bit_372,0.0
morgan_bit_370,0.0
morgan_bit_369,0.0
morgan_bit_368,0.0
morgan_bit_367,0.0
morgan_bit_177,0.0
morgan_bit_364,0.0
morgan_bit_363,0.0
morgan_bit_362,0.0
morgan_bit_361,0.0
morgan_bit_360,0.0
morgan_bit_359,0.0
morgan_bit_358,0.0
morgan_bit_357,0.0
morgan_bit_356,0.0
morgan_bit_355,0.0
morgan_bit_354,0.0
morgan_bit_353,0.0
morgan_bit_178,0.0
morgan_bit_678,0.0
morgan_bit_146,0.0
morgan_bit_680,0.0
morgan_bit_997,0.0
morgan_bit_1010,0.0
morgan_bit_1007,0.0
morgan_bit_1006,0.0
morgan_bit_1005,0.0
morgan_bit_110,0.0
morgan_bit_1003,0.0
morgan_bit_1002,0.0
morgan_bit_1001,0.0
morgan_bit_1000,0.0
morgan_bit_999,0.0
morgan_bit_998,0.0
morgan_bit_996,0.0
morgan_bit_1012,0.0
morgan_bit_995,0.0
morgan_bit_994,0.0
morgan_bit_993,0.0
morgan_bit_992,0.0
morgan_bit_991,0.0
morgan_bit_990,0.0
morgan_bit_989,0.0
morgan_bit_988,0.0
morgan_bit_986,0.0
morgan_bit_985,0.0
morgan_bit_111,0.0
morgan_bit_1011,0.0
morgan_bit_1013,0.0
morgan_bit_982,0.0
morgan_bit_106,0.0
morgan_bit_1041,0.0
morgan_bit_1040,0.0
morgan_bit_1038,0.0
morgan_bit_1037,0.0
morgan_bit_103,0.0
morgan_bit_104,0.0
morgan_bit_1033,0.0
morgan_bit_1032,0.0
morgan_bit_1031,0.0
morgan_bit_1030,0.0
morgan_bit_1029,0.0
morgan_bit_107,0.0
morgan_bit_1014,0.0
morgan_bit_1026,0.0
morgan_bit_1025,0.0
morgan_bit_1024,0.0
morgan_bit_1023,0.0
morgan_bit_1021,0.0
morgan_bit_1020,0.0
morgan_bit_108,0.0
morgan_bit_1018,0.0
morgan_bit_109,0.0
morgan_bit_1016,0.0
morgan_bit_1015,0.0
morgan_bit_983,0.0
morgan_bit_981,0.0
morgan_bit_681,0.0
morgan_bit_937,0.0
morgan_bit_948,0.0
morgan_bit_112,0.0
morgan_bit_946,0.0
morgan_bit_945,0.0
morgan_bit_944,0.0
morgan_bit_943,0.0
morgan_bit_942,0.0
morgan_bit_941,0.0
morgan_bit_940,0.0
morgan_bit_939,0.0
morgan_bit_938,0.0
morgan_bit_936,0.0
morgan_bit_950,0.0
morgan_bit_113,0.0
morgan_bit_934,0.0
morgan_bit_933,0.0
morgan_bit_115,0.0
morgan_bit_931,0.0
morgan_bit_930,0.0
morgan_bit_929,0.0
morgan_bit_928,0.0
morgan_bit_927,0.0
morgan_bit_925,0.0
morgan_bit_924,0.0
morgan_bit_949,0.0
morgan_bit_951,0.0
morgan_bit_980,0.0
morgan_bit_968,0.0
morgan_bit_979,0.0
morgan_bit_978,0.0
morgan_bit_977,0.0
morgan_bit_976,0.0
morgan_bit_975,0.0
morgan_bit_974,0.0
morgan_bit_973,0.0
morgan_bit_972,0.0
morgan_bit_971,0.0
morgan_bit_970,0.0
morgan_bit_969,0.0
morgan_bit_967,0.0
morgan_bit_952,0.0
morgan_bit_965,0.0
morgan_bit_964,0.0
morgan_bit_963,0.0
morgan_bit_962,0.0
morgan_bit_959,0.0
morgan_bit_958,0.0
morgan_bit_957,0.0
morgan_bit_956,0.0
morgan_bit_955,0.0
morgan_bit_954,0.0
morgan_bit_953,0.0
morgan_bit_1042,0.0
morgan_bit_1043,0.0
morgan_bit_1044,0.0
morgan_bit_1118,0.0
morgan_bit_1131,0.0
morgan_bit_1130,0.0
morgan_bit_1129,0.0
morgan_bit_1128,0.0
morgan_bit_198,0.0
morgan_bit_1125,0.0
morgan_bit_1124,0.0
morgan_bit_1123,0.0
morgan_bit_1122,0.0
morgan_bit_1121,0.0
morgan_bit_1119,0.0
morgan_bit_1117,0.0
morgan_bit_1134,0.0
morgan_bit_1116,0.0
morgan_bit_1115,0.0
morgan_bit_96,0.0
morgan_bit_1113,0.0
morgan_bit_1112,0.0
morgan_bit_1111,0.0
morgan_bit_1110,0.0
morgan_bit_1109,0.0
morgan_bit_1108,0.0
morgan_bit_1107,0.0
morgan_bit_1106,0.0
morgan_bit_1132,0.0
morgan_bit_1135,0.0
morgan_bit_1045,0.0
morgan_bit_1151,0.0
morgan_bit_92,0.0
morgan_bit_1161,0.0
morgan_bit_93,0.0
morgan_bit_1159,0.0
morgan_bit_1158,0.0
morgan_bit_1157,0.0
morgan_bit_1156,0.0
morgan_bit_1155,0.0
morgan_bit_94,0.0
morgan_bit_1153,0.0
morgan_bit_95,0.0
morgan_bit_1150,0.0
morgan_bit_1137,0.0
morgan_bit_1149,0.0
morgan_bit_1148,0.0
morgan_bit_1147,0.0
morgan_bit_1146,0.0
morgan_bit_1144,0.0
morgan_bit_1143,0.0
morgan_bit_1142,0.0
morgan_bit_1141,0.0
morgan_bit_1140,0.0
morgan_bit_1139,0.0
morgan_bit_1138,0.0
morgan_bit_1105,0.0
morgan_bit_1103,0.0
morgan_bit_1102,0.0
morgan_bit_1058,0.0
morgan_bit_1069,0.0
morgan_bit_1068,0.0
morgan_bit_1067,0.0
morgan_bit_1066,0.0
morgan_bit_1065,0.0
morgan_bit_1064,0.0
morgan_bit_1063,0.0
morgan_bit_1062,0.0
morgan_bit_1061,0.0
morgan_bit_101,0.0
morgan_bit_1059,0.0
morgan_bit_102,0.0
morgan_bit_1100,0.0
morgan_bit_1056,0.0
morgan_bit_1055,0.0
morgan_bit_1054,0.0
morgan_bit_1053,0.0
morgan_bit_1052,0.0
morgan_bit_1051,0.0
morgan_bit_1050,0.0
morgan_bit_1049,0.0
morgan_bit_1048,0.0
morgan_bit_1047,0.0
morgan_bit_1046,0.0
morgan_bit_1071,0.0
morgan_bit_1072,0.0
morgan_bit_1073,0.0
morgan_bit_1074,0.0
morgan_bit_98,0.0
morgan_bit_1098,0.0
morgan_bit_99,0.0
morgan_bit_1096,0.0
morgan_bit_1094,0.0
morgan_bit_1093,0.0
morgan_bit_1092,0.0
morgan_bit_1091,0.0
morgan_bit_1090,0.0
morgan_bit_1089,0.0
morgan_bit_100,0.0
morgan_bit_1086,0.0
morgan_bit_1085,0.0
morgan_bit_1084,0.0
morgan_bit_1083,0.0
morgan_bit_1082,0.0
morgan_bit_1081,0.0
morgan_bit_1080,0.0
morgan_bit_1079,0.0
morgan_bit_1078,0.0
morgan_bit_1077,0.0
morgan_bit_1076,0.0
morgan_bit_1075,0.0
morgan_bit_923,0.0
morgan_bit_922,0.0
morgan_bit_921,0.0
morgan_bit_755,0.0
morgan_bit_766,0.0
morgan_bit_765,0.0
morgan_bit_764,0.0
morgan_bit_763,0.0
morgan_bit_762,0.0
morgan_bit_761,0.0
morgan_bit_133,0.0
morgan_bit_759,0.0
morgan_bit_758,0.0
morgan_bit_757,0.0
morgan_bit_756,0.0
morgan_bit_754,0.0
morgan_bit_768,0.0
morgan_bit_134,0.0
morgan_bit_752,0.0
morgan_bit_751,0.0
morgan_bit_135,0.0
morgan_bit_749,0.0
morgan_bit_748,0.0
morgan_bit_747,0.0
morgan_bit_746,0.0
morgan_bit_136,0.0
morgan_bit_744,0.0
morgan_bit_743,0.0
morgan_bit_767,0.0
morgan_bit_770,0.0
morgan_bit_801,0.0
morgan_bit_784,0.0
morgan_bit_797,0.0
morgan_bit_796,0.0
morgan_bit_795,0.0
morgan_bit_793,0.0
morgan_bit_792,0.0
morgan_bit_791,0.0
morgan_bit_789,0.0
morgan_bit_788,0.0
morgan_bit_131,0.0
morgan_bit_786,0.0
morgan_bit_785,0.0
morgan_bit_783,0.0
morgan_bit_771,0.0
morgan_bit_782,0.0
morgan_bit_132,0.0
morgan_bit_780,0.0
morgan_bit_779,0.0
morgan_bit_778,0.0
morgan_bit_777,0.0
morgan_bit_776,0.0
morgan_bit_775,0.0
morgan_bit_774,0.0
morgan_bit_773,0.0
morgan_bit_772,0.0
morgan_bit_742,0.0
morgan_bit_741,0.0
morgan_bit_740,0.0
morgan_bit_697,0.0
morgan_bit_709,0.0
morgan_bit_708,0.0
morgan_bit_707,0.0
morgan_bit_706,0.0
morgan_bit_705,0.0
morgan_bit_704,0.0
morgan_bit_703,0.0
morgan_bit_702,0.0
morgan_bit_701,0.0
morgan_bit_700,0.0
morgan_bit_698,0.0
morgan_bit_696,0.0
morgan_bit_137,0.0
morgan_bit_143,0.0
morgan_bit_693,0.0
morgan_bit_144,0.0
morgan_bit_690,0.0
morgan_bit_689,0.0
morgan_bit_688,0.0
morgan_bit_686,0.0
morgan_bit_685,0.0
morgan_bit_684,0.0
morgan_bit_683,0.0
morgan_bit_682,0.0
morgan_bit_710,0.0
morgan_bit_711,0.0
morgan_bit_712,0.0
morgan_bit_714,0.0
morgan_bit_738,0.0
morgan_bit_737,0.0
morgan_bit_735,0.0
morgan_bit_734,0.0
morgan_bit_733,0.0
morgan_bit_732,0.0
morgan_bit_731,0.0
morgan_bit_730,0.0
morgan_bit_729,0.0
morgan_bit_728,0.0
morgan_bit_727,0.0
morgan_bit_726,0.0
morgan_bit_138,0.0
morgan_bit_724,0.0
morgan_bit_723,0.0
morgan_bit_722,0.0
morgan_bit_721,0.0
morgan_bit_720,0.0
morgan_bit_719,0.0
morgan_bit_139,0.0
morgan_bit_717,0.0
morgan_bit_716,0.0
morgan_bit_141,0.0
morgan_bit_799,0.0
morgan_bit_130,0.0
morgan_bit_920,0.0
morgan_bit_122,0.0
morgan_bit_889,0.0
morgan_bit_887,0.0
morgan_bit_886,0.0
morgan_bit_884,0.0
morgan_bit_882,0.0
morgan_bit_120,0.0
morgan_bit_880,0.0
morgan_bit_879,0.0
morgan_bit_121,0.0
morgan_bit_877,0.0
morgan_bit_876,0.0
morgan_bit_874,0.0
morgan_bit_891,0.0
morgan_bit_873,0.0
morgan_bit_872,0.0
morgan_bit_871,0.0
morgan_bit_870,0.0
morgan_bit_869,0.0
morgan_bit_868,0.0
morgan_bit_867,0.0
morgan_bit_866,0.0
morgan_bit_865,0.0
morgan_bit_864,0.0
morgan_bit_863,0.0
morgan_bit_118,0.0
morgan_bit_892,0.0
morgan_bit_803,0.0
morgan_bit_907,0.0
morgan_bit_919,0.0
morgan_bit_917,0.0
morgan_bit_916,0.0
morgan_bit_915,0.0
morgan_bit_914,0.0
morgan_bit_913,0.0
morgan_bit_912,0.0
morgan_bit_911,0.0
morgan_bit_910,0.0
morgan_bit_909,0.0
morgan_bit_908,0.0
morgan_bit_906,0.0
morgan_bit_894,0.0
morgan_bit_905,0.0
morgan_bit_904,0.0
morgan_bit_903,0.0
morgan_bit_902,0.0
morgan_bit_901,0.0
morgan_bit_900,0.0
morgan_bit_899,0.0
morgan_bit_898,0.0
morgan_bit_897,0.0
morgan_bit_117,0.0
morgan_bit_895,0.0
morgan_bit_861,0.0
morgan_bit_859,0.0
morgan_bit_858,0.0
morgan_bit_128,0.0
morgan_bit_827,0.0
morgan_bit_826,0.0
morgan_bit_825,0.0
morgan_bit_824,0.0
morgan_bit_823,0.0
morgan_bit_822,0.0
morgan_bit_821,0.0
morgan_bit_820,0.0
morgan_bit_819,0.0
morgan_bit_818,0.0
morgan_bit_817,0.0
morgan_bit_815,0.0
morgan_bit_856,0.0
morgan_bit_814,0.0
morgan_bit_813,0.0
morgan_bit_812,0.0
morgan_bit_811,0.0
morgan_bit_810,0.0
morgan_bit_809,0.0
morgan_bit_808,0.0
morgan_bit_129,0.0
morgan_bit_806,0.0
morgan_bit_805,0.0
morgan_bit_804,0.0
morgan_bit_828,0.0
morgan_bit_829,0.0
morgan_bit_830,0.0
morgan_bit_831,0.0
morgan_bit_854,0.0
morgan_bit_853,0.0
morgan_bit_852,0.0
morgan_bit_851,0.0
morgan_bit_850,0.0
morgan_bit_123,0.0
morgan_bit_848,0.0
morgan_bit_847,0.0
morgan_bit_846,0.0
morgan_bit_845,0.0
morgan_bit_844,0.0
morgan_bit_124,0.0
morgan_bit_842,0.0
morgan_bit_125,0.0
morgan_bit_840,0.0
morgan_bit_839,0.0
morgan_bit_126,0.0
morgan_bit_837,0.0
morgan_bit_836,0.0
morgan_bit_127,0.0
morgan_bit_834,0.0
morgan_bit_833,0.0
morgan_bit_832,0.0
morgan_bit_0,0.0
